date,open,high,low,close,volume
2022-01-03,1076.1033704774222,1095.6461284145312,1075.4435886178533,1093.780517578125,5421611
2022-01-04,1099.2636517956478,1119.7846517979926,1093.848914455948,1118.465087890625,10847728
2022-01-05,1120.2396140596422,1127.0647821675334,1107.021469888781,1123.6976318359375,11643813
2022-01-06,1115.3254092772324,1116.5994791465537,1096.1238548571225,1099.5364990234375,14447422
2022-01-07,1106.111498715673,1118.4422714413886,1097.2842377517782,1108.4093017578125,13112115
2022-01-10,1115.6895654128748,1117.9646215781718,1099.3318598320666,1109.3193359375,9246731
2022-01-11,1108.409307707792,1126.1319502273575,1107.9542483452858,1117.3048095703125,16205164
2022-01-12,1124.471284081761,1148.8827357783716,1121.604686652831,1147.130859375,14800442
2022-01-13,1147.19918473575,1156.1856749337926,1141.3522552982324,1153.592041015625,11856712
2022-01-14,1153.4553940360954,1168.1522095010407,1149.2919803342058,1155.275390625,19930176
2022-01-17,1154.8205993720844,1167.105878804206,1154.3655399895374,1161.304443359375,8036453
2022-01-18,1162.4419883292344,1165.9000062324892,1144.6964783846606,1147.4493408203125,6215029
2022-01-19,1151.1803655784236,1156.6404758295853,1141.6250823732196,1147.3582763671875,9755485
2022-01-20,1137.5529609143537,1142.0575796806486,1117.0545865844654,1127.2696533203125,16494486
2022-01-21,1115.689679954786,1138.5539787102412,1115.689679954786,1127.45166015625,13338594
2022-01-24,1126.1545759538076,1139.6912967231897,1071.598729229798,1081.9730224609375,21868937
2022-01-25,1069.0734401117095,1086.8644436444313,1048.802657948011,1079.8572998046875,24510205
2022-01-27,1062.9080331478985,1072.0537511885557,1051.5554999211186,1063.863525390625,20020431
2022-01-28,1076.103482458547,1081.0630398643073,1059.4500666597933,1062.83984375,14667727
2022-01-31,1073.91944662709,1094.9409997464795,1072.0993294430996,1085.9317626953125,12143683
2022-02-01,1095.6690383601324,1101.402112704543,1067.9587979070466,1082.337158203125,13200509
2022-02-02,1095.2138271372608,1095.2138271372608,1080.6989871423398,1084.5438232421875,10017691
2022-02-03,1088.3887863228124,1092.6886822523618,1068.0042683536662,1070.529541015625,9572839
2022-02-04,1065.1830393454286,1068.5729364671636,1056.1283095273284,1060.7694091796875,11061241
2022-02-07,1065.6382591326399,1072.372440138568,1048.802746440698,1054.3084716796875,10714467
2022-02-08,1060.4737500675897,1073.8283759531457,1051.0776952115107,1072.031005859375,12060849
2022-02-09,1078.901658786714,1086.204633140618,1072.918368570495,1084.5211181640625,11486225
2022-02-10,1090.0723137940836,1090.0723137940836,1076.1490130370194,1083.406494140625,12464491
2022-02-11,1079.857228868873,1084.9761347999724,1066.593591416207,1081.29052734375,15943370
2022-02-14,1064.8418760134352,1071.5305623649283,1052.4427424947037,1064.068359375,10719633
2022-02-15,1069.824295697398,1102.9037798370225,1062.7716573911962,1100.1964111328125,11212671
2022-02-16,1105.6791781831728,1107.0442358991004,1090.1860980638264,1097.9212646484375,10392840
2022-02-17,1101.1745201113265,1117.0089242641513,1096.5789142269996,1111.82177734375,12853252
2022-02-18,1112.2314504381943,1117.6915612787002,1101.1973736454247,1103.1312255859375,6775458
2022-02-21,1097.4890031023695,1109.091873871227,1085.021748188729,1091.9833984375,11107193
2022-02-22,1070.5977356852184,1090.1633625619224,1067.9814753307442,1087.023681640625,13494914
2022-02-23,1092.529336789828,1095.009115283983,1077.468449525144,1080.22119140625,7310110
2022-02-24,1048.8026672886117,1064.6826864402094,1020.7739713257805,1026.393310546875,24846650
2022-02-25,1037.4729771115954,1050.1450756675365,1035.7212210618118,1039.224853515625,14570089
2022-02-28,1020.5919703644313,1077.1726610969984,1020.5919703644313,1073.62353515625,21297446
2022-03-02,1062.2027357830907,1092.4838597770897,1059.8139450476658,1091.3690185546875,21471786
2022-03-03,1092.0288927878125,1098.785820478749,1078.4013026500006,1082.1551513671875,10186748
2022-03-04,1070.643322817288,1075.784976526752,1055.7872762059867,1058.1533203125,10805667
2022-03-07,1036.8358471079189,1052.0333374144284,1011.0367133096933,1019.022216796875,17983310
2022-03-08,1006.2590402981642,1021.9570232050447,991.92617525868,1017.1793212890625,21289374
2022-03-09,1017.4068401715399,1077.0133522040442,1016.5649623830144,1071.1436767578125,20414228
2022-03-10,1092.028820377732,1094.3038764083778,1073.8283721325647,1088.50244140625,17980493
2022-03-11,1081.1311923906428,1097.0339575128753,1081.1311923906428,1091.6419677734375,12257423
2022-03-14,1086.06812572994,1103.1311056498985,1080.1984500463022,1100.605712890625,8340678
2022-03-15,1104.7464533796308,1104.7464533796308,1065.1148867530296,1075.398193359375,15925769
2022-03-16,1083.8387095081287,1095.6235563592827,1081.6091471404573,1093.55322265625,11149828
2022-03-17,1106.9303748135985,1136.3468717821495,1098.8993784397219,1129.2032470703125,21422098
2022-03-21,1112.0493977484434,1130.249846191458,1109.7743416930666,1122.6966552734375,11999466
2022-03-22,1119.3751418583722,1153.4328665457272,1116.417676927256,1151.703857421875,22557065
2022-03-23,1147.9953600851836,1167.0375661035232,1147.9953600851836,1155.366455078125,15462187
2022-03-24,1142.08015447494,1175.8192962308133,1142.08015447494,1173.316650390625,13168266
2022-03-25,1175.0685459381182,1190.3114093068612,1172.5659000566366,1181.1429443359375,14222488
2022-03-28,1187.5813149251485,1196.5678044575318,1176.8885634283017,1193.018798828125,9891424
2022-03-29,1200.3215159366819,1200.3215159366819,1186.398217701339,1193.2916259765625,8684065
2022-03-30,1201.1863453712592,1223.0724028520565,1190.8120505919683,1216.2244873046875,15811550
2022-03-31,1212.584340487485,1214.7456618708436,1196.0446595036312,1198.8428955078125,13223718
2022-04-01,1199.4116203413212,1212.6752582349072,1193.0415116671982,1208.443603515625,7922880
2022-04-04,1208.2617761125623,1217.1572786813153,1201.9826544660282,1212.015625,7929162
2022-04-05,1206.2823045318924,1214.8366019261355,1192.4499926471442,1194.88427734375,13149870
2022-04-06,1177.1618722792348,1198.729354997681,1177.1618722792348,1191.699462890625,12257215
2022-04-07,1180.8016922079776,1185.7613700217532,1168.015859682402,1170.677734375,15496499
2022-04-08,1164.8307737717014,1194.4066235414564,1164.8307737717014,1190.1522216796875,15152495
2022-04-11,1183.0312648122701,1200.572052745213,1175.296097837182,1187.6724853515625,9254209
2022-04-12,1177.116066491659,1184.2143186613282,1162.737706900729,1165.30859375,13217742
2022-04-13,1171.4284128604863,1179.664132404293,1158.2330158892628,1161.0313720703125,10354235
2022-04-18,1152.545489452205,1164.7397805103374,1147.4493300930017,1157.4822998046875,9974224
2022-04-19,1163.920736701103,1213.972089786732,1160.7584292751112,1201.595703125,26141820
2022-04-20,1209.0124078704498,1244.0028730390352,1205.3722941596611,1236.9273681640625,25072240
2022-04-21,1251.6926535659309,1269.0285988217172,1243.092861615674,1265.8890380859375,21708633
2022-04-22,1255.3327253469529,1274.9437261640837,1248.6440386176957,1255.2872314453125,15054154
2022-04-25,1247.825046254362,1255.1051538112451,1211.9928211860372,1226.2574462890625,17063215
2022-04-26,1233.0824231040833,1271.7584924700711,1232.035943159545,1262.9539794921875,12227666
2022-04-27,1253.9449263825297,1286.7740721528176,1253.5808548135026,1264.1827392578125,19338945
2022-04-28,1278.5610555725848,1297.239310503393,1267.7089550364747,1283.065673828125,25614076
2022-04-29,1299.5827089210004,1299.5827089210004,1263.7049887259216,1269.597412109375,18214862
2022-05-02,1256.7433563845793,1276.5363340584336,1254.9459860935513,1265.1383056640625,9467006
2022-05-04,1267.2084828840266,1269.4835388914837,1217.7486714056079,1225.64306640625,19247660
2022-05-05,1239.2252151754037,1242.18280014838,1197.591676403661,1201.6412353515625,17210669
2022-05-06,1188.582409796725,1209.8769247815503,1180.0963532492094,1192.42724609375,19649948
2022-05-09,1171.6331985147315,1181.711782557566,1140.715158224648,1145.8568115234375,18083752
2022-05-10,1135.2550569441219,1149.633416525882,1118.4195452683007,1125.9954833984375,19511677
2022-05-11,1125.0854480941018,1130.6821606199796,1102.0163098457965,1114.4609375,16643899
2022-05-12,1104.5416911448524,1107.8859741719987,1078.378486557952,1091.755859375,20490321
2022-05-13,1103.8591166926499,1127.5196744148523,1099.0131741208802,1104.132080078125,19308778
2022-05-16,1107.7039403213957,1128.8847193240686,1099.6047027471154,1104.4051513671875,13437911
2022-05-17,1107.9997065605392,1155.6850157625827,1106.5891549718588,1150.7935791015625,16551828
2022-05-18,1155.5712773721964,1169.3808421611643,1141.2839062872033,1154.979736328125,17276788
2022-05-19,1130.2499303127915,1143.2177387581737,1122.0824507846328,1128.361572265625,14699118
2022-05-20,1143.2176453948912,1203.2337272058603,1138.4400638194588,1194.15625,21793091
2022-05-23,1197.364082975496,1207.3971730449673,1179.8461630484092,1186.1708984375,15252755
2022-05-24,1186.2163522132455,1200.3216273375488,1181.984697463416,1190.2431640625,13527818
2022-05-25,1198.956737262974,1208.8304783808387,1183.713752995507,1188.491455078125,12714544
2022-05-26,1194.1334932703796,1198.9111951609145,1159.3706180239299,1177.16162109375,17882023
2022-05-27,1179.8690179099194,1185.3746228810087,1155.7761439362052,1171.7015380859375,16521973
2022-05-30,1189.8564191042008,1216.7021540363792,1180.392243237482,1212.51611328125,13853398
2022-05-31,1201.8686470065388,1218.886133257268,1190.1749097343077,1197.8873291015625,70620653
2022-06-01,1198.638243225424,1208.1480337988985,1190.402522676765,1198.2742919921875,9776989
2022-06-02,1198.5016232049925,1243.2975879303071,1198.5016232049925,1239.5892333984375,22126569
2022-06-03,1248.5530698496407,1281.9281427980586,1247.642951094485,1264.7059326171875,23939791
2022-06-06,1264.9335082984549,1280.4038420032741,1252.102061607887,1259.2685546875,11093152
2022-06-07,1260.3378265980741,1269.9840987331656,1252.2159612910536,1261.6346435546875,12358255
2022-06-08,1261.6346065371608,1265.3884552322884,1235.949206752914,1239.4755859375,12479250
2022-06-09,1233.0825097662923,1275.3985751416717,1233.0825097662923,1273.46484375,17278305
2022-06-10,1261.24792684013,1269.4381532361936,1229.215044054509,1235.0164794921875,18093057
2022-06-13,1205.7819334162448,1216.156107684235,1190.4479609930536,1211.6514892578125,17620803
2022-06-14,1205.804612494347,1215.7238471836963,1189.151077141205,1195.8170166015625,14714312
2022-06-15,1191.016551311612,1200.0030396756413,1175.9329182849908,1181.3475341796875,11195535
2022-06-16,1193.4966675690844,1209.8998688820898,1162.10081677253,1164.8309326171875,17111475
2022-06-17,1164.8308634674381,1194.3383543037446,1163.0563604863046,1178.481201171875,24457187
2022-06-20,1185.3063342518615,1190.8120593552974,1147.1308115234453,1157.118408203125,12066797
2022-06-21,1164.830795221328,1180.0281654943678,1150.4069416324683,1175.796630859375,11720049
2022-06-22,1163.9661497975553,1164.057137590061,1137.9849226393887,1140.0780029296875,10617206
2022-06-23,1144.3779613702993,1148.905326422505,1112.5043100555831,1121.581787109375,19446323
2022-06-24,1128.429884986889,1142.5351607614082,1122.9696539988313,1137.5528564453125,14240234
2022-06-27,1157.9829545073123,1157.9829545073123,1129.135125114688,1134.185791015625,15474529
2022-06-28,1129.3853215361614,1152.9776391694047,1129.3853215361614,1150.1337890625,13572847
2022-06-29,1140.8062890806102,1181.6664368341112,1137.9851854445403,1173.9993896484375,19205146
2022-06-30,1173.9310028878358,1190.2659611777156,1167.5608938992502,1181.052001953125,23112959
2022-07-01,1171.6105762032093,1179.3912376535845,1076.1035827419444,1095.987548828125,81997149
2022-07-04,1082.4506733389208,1111.1391472548082,1076.6037450673573,1098.2623291015625,41857728
2022-07-05,1102.4941121326237,1121.5590649917854,1099.8094906293034,1107.157958984375,17647327
2022-07-06,1101.1746251311279,1111.1166075291421,1086.5687955560873,1097.4207763671875,23943726
2022-07-07,1103.8135967687947,1107.1578795789183,1080.6534724660446,1086.6141357421875,23301033
2022-07-08,1100.2191487523794,1100.2191487523794,1084.0889121323955,1088.1158447265625,19010108
2022-07-11,1081.336087585235,1105.1331283386687,1078.3785026593284,1102.9036865234375,13847467
2022-07-12,1093.8487904297283,1110.0927598985188,1093.8487904297283,1101.333740234375,10778989
2022-07-13,1104.4507905221294,1107.4993634434227,1079.7436294761944,1081.8138427734375,14224132
2022-07-14,1086.5687619025882,1107.4765795757364,1081.540843303509,1090.7320556640625,16970315
2022-07-15,1098.8540583216684,1098.8540583216684,1084.33921677306,1092.847900390625,9603210
2022-07-18,1101.584037969047,1103.4040345430283,1088.525123257814,1102.15283203125,15160908
2022-07-19,1092.1652674583531,1113.4144080582162,1092.1652674583531,1108.9097900390625,16439888
2022-07-20,1155.730530749646,1156.8679986086788,1131.2735877067614,1138.89501953125,23924246
2022-07-21,1134.8000189659344,1137.5301345200253,1122.6512213878611,1131.29638671875,16523230
2022-07-22,1137.5301221641155,1144.9468316984942,1135.2550660118313,1138.940673828125,10969995
2022-07-25,1122.7195298133436,1122.7195298133436,1093.3940142099802,1101.3111572265625,23110452
2022-07-26,1101.629669898458,1112.003964591019,1097.193292295004,1101.8116455078125,11303288
2022-07-27,1101.1064630855503,1104.314264889533,1092.9389830261998,1100.7652587890625,8655086
2022-07-28,1108.4093537574902,1122.9469424061926,1101.5841851617515,1118.0101318359375,12496073
2022-07-29,1126.0181765545474,1145.3107190485075,1121.149607208918,1141.829833984375,15130683
2022-08-01,1146.2435722402156,1177.4574449449278,1140.9881839019702,1171.5877685546875,15700044
2022-08-02,1170.5184018297261,1186.580275301345,1165.535977507085,1176.0467529296875,13917913
2022-08-03,1183.0311881851292,1187.5813002703721,1168.220637135406,1185.9205322265625,14250977
2022-08-04,1187.5813052958538,1191.107684300821,1153.455464512121,1170.245361328125,14467127
2022-08-05,1172.1110567812314,1173.3850064214535,1149.792686697798,1153.00048828125,13942438
2022-08-08,1151.6354129424305,1175.546309977684,1151.6354129424305,1168.0841064453125,10165178
2022-08-10,1172.5204636099309,1178.4356336498447,1163.4884798945134,1175.068603515625,10724688
2022-08-11,1184.4416775272762,1187.5357439542797,1174.02189010763,1178.9815673828125,8198226
2022-08-12,1178.6176057306407,1201.845973401522,1174.9321182963517,1198.046630859375,12650587
2022-08-16,1204.052862906299,1209.1035287580976,1195.4531911057852,1206.3734130859375,6607378
2022-08-17,1212.6070521185068,1218.0216687174445,1208.3071564277768,1212.67529296875,6595965
2022-08-18,1214.2810405952932,1218.3894546289891,1205.24240897424,1214.87451171875,7410035
2022-08-19,1209.7159828214287,1215.0569809988342,1189.1507309375147,1193.213623046875,9460724
2022-08-22,1194.6517009933089,1201.1795211355932,1180.500282384016,1189.904052734375,9471680
2022-08-23,1184.1522321085429,1211.1768414672938,1182.9424687305054,1208.2552490234375,9678484
2022-08-24,1205.1968562417935,1218.846089361482,1203.0284828486285,1205.0369873046875,10369622
2022-08-25,1209.2366122809538,1215.6046836675666,1197.2079256645413,1201.5218505859375,7871946
2022-08-26,1201.9555917154182,1209.716117387308,1190.0867726380989,1195.108154296875,10742038
2022-08-29,1180.0437597555986,1211.9985882371661,1176.8711343003506,1185.8184814453125,19838975
2022-08-30,1193.2823008817281,1207.547826665914,1176.2092881324143,1204.21533203125,23139054
2022-09-01,1178.9710757031155,1189.150886984996,1164.385933490136,1168.81396484375,19909939
2022-09-02,1168.8139049237643,1175.638520959865,1152.9734784565321,1155.1646728515625,12999345
2022-09-05,1155.3929766209455,1178.446101569222,1155.3929766209455,1173.1051025390625,11327815
2022-09-06,1174.5658588505653,1189.6302455363334,1174.1093147173583,1185.4532470703125,10899618
2022-09-07,1175.478839783805,1184.563114237557,1173.1963605855797,1178.5601806640625,7488501
2022-09-08,1181.527366464761,1185.978218827882,1173.6528558204227,1180.226318359375,7057077
2022-09-09,1191.4561604892992,1191.4561604892992,1170.4573041604863,1172.8768310546875,8314850
2022-09-12,1173.4474025715353,1192.369291715923,1173.4474025715353,1186.0010986328125,7435419
2022-09-13,1195.1081207827935,1200.4491194045427,1187.3477160754526,1195.906982421875,8888657
2022-09-14,1175.4787801044877,1191.4561336808906,1174.451706778856,1181.572998046875,8678219
2022-09-15,1179.1307346574977,1188.5116835520153,1167.1476896556205,1169.8638916015625,10365600
2022-09-16,1161.213264147553,1165.4359048168926,1137.133067391258,1140.8763427734375,20217708
2022-09-19,1140.8762459554318,1151.6038847358493,1132.7277612467549,1142.35986328125,7580254
2022-09-20,1151.4898271317024,1158.4514907194557,1138.8220264150539,1142.54248046875,8411448
2022-09-21,1139.7580348153278,1156.3060391967588,1138.9591731329301,1145.6925048828125,9207309
2022-09-22,1134.8505978968233,1142.6110027498532,1128.5053470017444,1134.896240234375,10308170
2022-09-23,1134.394179751921,1139.3927402184245,1112.0714541784876,1113.62353515625,9528051
2022-09-26,1092.8756748841324,1103.7175409409906,1084.2479451217905,1085.252197265625,12479523
2022-09-27,1092.8528108642224,1107.4607728213189,1077.3776445528867,1093.8800048828125,16154822
2022-09-28,1077.491757249726,1085.5489575446488,1062.3132660155625,1064.7554931640625,16997059
2022-09-29,1077.3320028920632,1080.7556609643932,1055.8766040342564,1061.4915771484375,14671827
2022-09-30,1054.9636064469146,1096.5047707006538,1054.9636064469146,1085.434814453125,18613024
2022-10-03,1091.7117072217247,1103.3294933419215,1078.7015883112226,1081.6688232421875,11852723
2022-10-04,1094.587668996287,1103.808870249341,1091.095426399377,1101.61767578125,8948850
2022-10-06,1108.830344904405,1118.4166846220046,1103.87730611944,1105.680419921875,13352162
2022-10-07,1102.2795971833257,1115.6321543527151,1102.2795971833257,1110.359619140625,7714340
2022-10-10,1097.8743645838504,1103.6262649687026,1090.1139598954956,1098.2396240234375,6329527
2022-10-11,1101.9828714622417,1101.9828714622417,1073.269250949044,1076.3734130859375,9215177
2022-10-12,1073.6801664299744,1087.2381151547559,1069.6172735984808,1084.293701171875,7417103
2022-10-13,1082.5360411069073,1092.8527780894253,1077.3776122421918,1087.7401123046875,7328492
2022-10-14,1102.4393688537991,1103.0556611703817,1081.48615457156,1082.216552734375,9106089
2022-10-17,1075.0496814411536,1101.982888862092,1069.845609321564,1099.5863037109375,16729355
2022-10-18,1105.634748048647,1124.3511243615108,1104.7902440911478,1118.9873046875,12415820
2022-10-19,1120.4709308445554,1153.9550179585947,1114.6277458530562,1138.4569091796875,19247142
2022-10-20,1134.3942113183082,1149.9150215278255,1134.3942113183082,1141.5155029296875,8717053
2022-10-21,1144.7565172867282,1148.9106943491454,1126.177188586748,1128.2769775390625,8243452
2022-10-24,1122.9816380159375,1142.382770547029,1120.836206695688,1132.0430908203125,3370033
2022-10-25,1140.7849504711187,1140.7849504711187,1112.9386597912353,1114.5592041015625,12233241
2022-10-27,1122.0686333408069,1126.8391025996318,1110.5649536618178,1118.941650390625,12513059
2022-10-28,1125.2641978503823,1157.2190279737692,1122.7306857391648,1153.1790771484375,17609592
2022-10-31,1159.957944449031,1169.065039404331,1155.9406944170403,1163.8837890625,12419943
2022-11-01,1186.8912136799254,1186.8912136799254,1144.8936213637878,1154.8680419921875,13963166
2022-11-02,1155.986348539346,1164.1576549471247,1148.0890168960855,1162.08056640625,8981896
2022-11-03,1154.8680356681098,1168.4259835133787,1152.676841200972,1166.4173583984375,6693449
2022-11-04,1165.8465983843867,1186.8910951526373,1164.5684922927214,1183.58154296875,12575815
2022-11-07,1182.7827614663586,1191.5931814379082,1175.0223567357784,1189.904052734375,11789748
2022-11-09,1191.5931131291466,1196.9112902936065,1182.3489707407007,1188.7171630859375,11254205
2022-11-10,1182.3262632089597,1185.3163193750859,1170.0008998356418,1174.337646484375,5966242
2022-11-11,1186.8912796597394,1203.3251787933696,1181.4133535308406,1201.407958984375,12310132
2022-11-14,1200.9284005914947,1206.0640083384951,1189.2420312652064,1195.58740234375,9043112
2022-11-15,1197.0711926191022,1198.9427700567662,1182.3263018305277,1190.2237548828125,7086433
2022-11-16,1191.4561277313167,1194.1723297469184,1178.3775455967132,1183.3990478515625,9716161
2022-11-17,1180.020863607493,1192.825591205946,1177.7612057960014,1186.45751953125,6661451
2022-11-18,1189.9725379072304,1190.9997319984882,1173.6985088451027,1185.8184814453125,5303197
2022-11-21,1181.4131345958851,1181.4131345958851,1160.9164671915146,1164.4771728515625,6390268
2022-11-22,1161.783907991267,1172.5115476255721,1157.9037056180239,1170.9366455078125,6611488
2022-11-23,1175.4786728280303,1176.8025419691705,1165.0933516897298,1167.2845458984375,6413408
2022-11-24,1171.3704732897338,1184.152381470378,1163.2448083737015,1177.3505859375,9389439
2022-11-25,1181.8698970100845,1198.2580330465703,1178.7199717595092,1194.9256591796875,7349922
2022-11-28,1190.9541361505962,1242.1502306285356,1142.154626734269,1235.987548828125,31527484
2022-11-29,1234.3440108402901,1246.9889910362924,1229.8018737736188,1238.110107421875,11058913
2022-11-30,1238.247142030381,1253.288707028199,1231.7192011093234,1246.85205078125,26164986
2022-12-01,1251.6224067137045,1257.6481612150444,1239.8448724818554,1243.17724609375,9485801
2022-12-02,1246.235748845341,1254.4526976676975,1232.8147284105949,1242.6522216796875,11589592
2022-12-05,1238.0189040182454,1240.1872774344642,1222.4980932976318,1224.5294189453125,14828536
2022-12-06,1216.6091015367565,1231.1713003979203,1214.737403586102,1228.067138671875,8594245
2022-12-07,1225.693478313524,1230.258436618436,1206.132596960368,1209.9443359375,8462111
2022-12-08,1214.2809311328976,1216.5634100007333,1205.1966579940977,1209.37353515625,7757008
2022-12-09,1207.8900896926802,1214.2811038799705,1187.7357368415526,1191.04541015625,12655763
2022-12-12,1180.2719996623723,1197.3905313761602,1180.0436672450348,1192.8712158203125,9479842
2022-12-13,1192.8713067918438,1201.9555809304147,1189.9497141999723,1198.3037109375,8333348
2022-12-14,1204.0782660411908,1204.6717371538757,1191.9126515922892,1193.9669189453125,7268947
2022-12-15,1188.0324923462415,1193.7386297598832,1173.6528618480468,1177.008056640625,8688551
2022-12-16,1173.6529134607251,1195.4734533972091,1167.78690686101,1171.187744140625,15837349
2022-12-19,1178.2177795852808,1188.7172073020977,1171.6898388274747,1186.5716552734375,7729933
2022-12-20,1179.541792973625,1198.7602374146065,1171.3704856304953,1196.843017578125,7467588
2022-12-21,1196.477661489117,1201.9555872542346,1175.9809916475376,1179.8155517578125,8527550
2022-12-22,1185.9781586267084,1189.013856887232,1171.7126347696108,1176.7569580078125,7451122
2022-12-23,1170.137785137051,1182.554553491853,1137.703712598857,1142.245849609375,10257115
2022-12-26,1147.9748739735228,1160.414342154975,1137.7721216907048,1152.22021484375,5990242
2022-12-27,1154.9364624540497,1163.518549950611,1148.2031310835503,1161.64697265625,5763271
2022-12-28,1158.5884232916014,1163.9750640999512,1151.0562304776126,1161.5328369140625,7459393
2022-12-29,1153.566904464591,1163.5641454874342,1152.882148696241,1161.0078125,6930648
2022-12-30,1161.829476176333,1176.3916749175478,1160.0035413220228,1162.7880859375,7289476
2023-01-02,1164.066351583663,1177.3048023328713,1163.244668797144,1175.8896484375,5316175
2023-01-03,1170.9365362462836,1174.5657054277967,1163.0620263922654,1167.2845458984375,7658932
2023-01-04,1167.2618507099899,1169.1107276232437,1147.6325061253483,1149.7095947265625,9264891
2023-01-05,1151.969321148222,1157.858149023016,1143.0676158255733,1147.6553955078125,13637099
2023-01-06,1153.4071180013361,1163.1305046928026,1149.595379440652,1158.086181640625,6349597
2023-01-09,1161.9207528429104,1187.8041821914996,1161.0306065888913,1185.4302978515625,10722753
2023-01-10,1189.6301316742909,1189.6301316742909,1162.2403842296717,1167.90087890625,8047142
2023-01-11,1165.2077656913489,1167.7184566325625,1150.873655990327,1153.1790771484375,11509553
2023-01-12,1152.5855061360771,1156.077627831873,1125.2641003718309,1128.2769775390625,17688773
2023-01-13,1122.2513519945564,1128.8705782042637,1111.3867843100481,1126.451171875,20618583
2023-01-16,1128.7791493112115,1131.951774613395,1107.917221092014,1115.723388671875,13623855
2023-01-17,1122.0687880986452,1133.4811846812154,1118.690771838856,1131.56396484375,10751000
2023-01-18,1129.1444306357287,1137.178689301756,1123.1414974309203,1129.692138671875,13448286
2023-01-19,1128.8705038207283,1132.6366004638107,1121.4524163802744,1128.4825439453125,11940054
2023-01-20,1129.8291140692525,1129.8291140692525,1112.596474928504,1115.0615234375,14930286
2023-01-23,1117.960272105855,1125.811961602633,1107.004299933337,1109.4237060546875,10954118
2023-01-24,1113.851719292168,1115.51790607312,1089.8171651533376,1102.873046875,16488755
2023-01-25,1101.2753294802073,1102.302402806859,1086.461976225218,1087.6259765625,12385018
2023-01-27,1088.4706538388855,1089.817223588686,1055.260418546103,1066.992431640625,25830975
2023-01-30,1064.4132886312711,1082.764407064242,1050.3987961919847,1077.218017578125,21772103
2023-01-31,1087.3747826880974,1089.9540573273835,1068.6584086670991,1074.5244140625,22691594
2023-02-01,1086.4390237052419,1086.4390237052419,1052.2245419941687,1068.1563720703125,19347800
2023-02-02,1058.1590377354637,1071.85391093282,1054.9635914721293,1062.2447509765625,13662663
2023-02-03,1072.3105805967245,1072.3105805967245,1046.7467660021255,1063.1806640625,24699575
2023-02-06,1056.7897340697052,1059.528757546533,1052.5900349184292,1055.169189453125,14837879
2023-02-07,1055.4202857843334,1062.4502927137798,1046.7467924098464,1052.6356201171875,15135435
2023-02-08,1055.876758827137,1077.28651848918,1053.1378561171298,1073.6573486328125,21160332
2023-02-09,1074.341987106508,1082.284961068636,1065.463103759131,1075.52880859375,13172763
2023-02-10,1075.0039060071294,1075.0039060071294,1059.6655455942528,1066.6728515625,10790445
2023-02-13,1068.293381324993,1072.7670546240697,1056.127767130611,1060.6014404296875,10352493
2023-02-14,1063.6144381671827,1087.329376978281,1060.738487756277,1085.5947265625,14321920
2023-02-15,1084.6358877756606,1112.5735854842064,1083.2664969637603,1110.1768798828125,33503591
2023-02-16,1118.1655094417106,1124.7162706791198,1107.0269694456317,1109.3094482421875,17264487
2023-02-17,1104.7216712307097,1117.2753650050747,1100.4305676175113,1113.94287109375,11809520
2023-02-20,1116.13425652598,1118.3026298698114,1100.2025445254703,1102.16552734375,8836937
2023-02-21,1106.5479683974272,1116.9559918914763,1101.2296696771075,1111.1585693359375,13311592
2023-02-22,1107.4379365148654,1109.2866925279875,1084.2022454513722,1085.959716796875,11024335
2023-02-23,1085.5490279902117,1093.1953270218976,1077.9483712962124,1080.7557373046875,9851910
2023-02-24,1082.8100022510873,1093.8344379808216,1080.9840672539892,1088.1510009765625,9434053
2023-02-27,1087.3750050988056,1090.8672478016565,1073.543202799622,1080.91552734375,11199715
2023-02-28,1075.5516247048565,1080.5274845520237,1056.1734344203933,1060.2362060546875,21994038
2023-03-01,1070.0280642112666,1070.712820002187,1060.5557097259696,1069.982421875,11551145
2023-03-02,1066.8325430044117,1073.5202315216086,1059.8024162422653,1061.8338623046875,9333535
2023-03-03,1072.3791189632545,1092.6019362119685,1068.9098180563456,1088.9271240234375,14643807
2023-03-06,1095.5918675399987,1106.8216933590497,1095.5918675399987,1099.5633544921875,10171916
2023-03-08,1099.5632986303585,1104.265304210858,1088.7443751303776,1103.5120849609375,15782657
2023-03-09,1102.8958764013148,1103.3066574341256,1075.095225544964,1076.9896240234375,16235128
2023-03-10,1068.8868957671646,1070.0280749321848,1056.8124450060086,1060.3046875,13334091
2023-03-13,1063.1806779260546,1070.0281154160118,1038.5298305140532,1042.8665771484375,12771592
2023-03-14,1040.812257084253,1052.2018311560978,1035.8136967949142,1038.9635009765625,16027522
2023-03-15,1042.6840329673732,1049.1662111592916,1016.800600298463,1021.205810546875,21728555
2023-03-16,1023.921951504309,1028.9433330363881,1005.2968594074098,1016.1157836914062,18363159
2023-03-17,1024.7208434439497,1028.007574780085,1010.0901194945558,1014.8377075195312,34014213
2023-03-20,1011.1400680229121,1013.4225471579439,995.1626537042278,1004.8632202148438,19524589
2023-03-21,1012.9430039303461,1038.0732119172073,1012.0528577510236,1036.1102294921875,21400360
2023-03-22,1043.0948141638403,1046.0392280531037,1036.2473765076484,1039.26025390625,10920094
2023-03-23,1035.3343603002547,1036.2016854580306,1023.9447859117854,1026.1131591796875,16249370
2023-03-24,1024.9489888672188,1027.117362031003,1003.3795441878093,1005.7989501953125,12375945
2023-03-27,1012.2812223607901,1028.9432703448797,1004.3838307288752,1021.4338989257812,14054323
2023-03-28,1024.8349561252708,1030.0846702786253,1021.1829653124684,1026.2044677734375,12576424
2023-03-29,1022.0958575091914,1024.743595933455,1009.3596536883372,1020.1329956054688,18804065
2023-03-31,1029.3999027039445,1069.7770709600845,1029.2629756900762,1064.116455078125,28171201
2023-04-03,1070.4846960590223,1072.3106311531849,1056.7896998650788,1064.299072265625,10293043
2023-04-05,1071.8540232011114,1071.8540232011114,1053.8453439607506,1061.74267578125,16262928
2023-04-06,1058.2275373074351,1074.592970502133,1058.2275373074351,1068.8638916015625,18435046
2023-04-10,1072.7671126043012,1072.9496819536614,1059.779694186431,1061.2861328125,12961408
2023-04-11,1065.4631729553812,1068.6586196822263,1060.9210357303307,1066.535888671875,10542367
2023-04-12,1066.5357872569193,1080.8925957399235,1063.6599579243734,1071.23779296875,18179087
2023-04-13,1074.1365320735108,1079.9797173840186,1069.1151503508545,1075.27783203125,12378208
2023-04-17,1106.9814803229494,1106.9814803229494,1072.333391852291,1080.73291015625,17929479
2023-04-18,1085.0925121063174,1085.0925121063174,1061.8111761257844,1068.3619384765625,10405576
2023-04-19,1067.768405195298,1076.3733137885806,1064.64142217666,1073.6800537109375,12273475
2023-04-20,1074.638556551585,1076.875393044396,1064.5956738732273,1070.9637451171875,7007330
2023-04-21,1073.0637661728558,1077.7884724738815,1066.5586465106753,1072.310546875,7647317
2023-04-24,1084.1794719407253,1086.8727319946267,1071.8539885727766,1076.4190673828125,12936186
2023-04-25,1080.0710338352167,1086.7359021827194,1072.995384428631,1084.6588134765625,9236126
2023-04-26,1086.005534613959,1089.2467445727555,1074.6159592843226,1078.290771484375,8617834
2023-04-27,1084.1795677314856,1088.2879820525134,1079.158065119624,1085.1153564453125,9167125
2023-04-28,1087.374995527852,1106.5022750107378,1087.2608896802224,1104.9500732421875,15565210
2023-05-02,1112.1171610071847,1116.4995501680314,1108.4195276994035,1114.3311767578125,12981805
2023-05-03,1116.1342091904096,1116.1342091904096,1101.549188303151,1104.7674560546875,7061872
2023-05-04,1105.2467632974385,1119.717677582049,1102.2567073883076,1117.503662109375,8635233
2023-05-05,1114.3083172243437,1123.5979821409157,1112.0258380416835,1114.650634765625,8746585
2023-05-08,1118.4165791288924,1133.7777597410543,1115.7461404298203,1128.4139404296875,9153782
2023-05-09,1129.8291612797643,1135.2159233997013,1124.4653410768628,1131.90625,6464721
2023-05-10,1136.6766978121202,1141.173192717246,1132.659447469911,1139.6895751953125,10872255
2023-05-11,1140.7622816578707,1145.578272899187,1130.536707274967,1132.2486572265625,10557860
2023-05-12,1127.4553650769165,1135.4897449397138,1121.3839680276494,1134.097412109375,6955341
2023-05-15,1136.6310244600713,1143.318592964205,1128.9846046154787,1136.334228515625,6833343
2023-05-16,1138.5024831085086,1141.058816015231,1118.4850597805391,1120.1513671875,8717229
2023-05-17,1124.3511508366894,1125.2641183192468,1108.830341392445,1113.5322265625,8798967
2023-05-18,1118.2112689036005,1121.6122266625744,1107.9856952056505,1111.1356201171875,10525531
2023-05-19,1111.1355938507186,1116.5678769225615,1104.1967514891073,1114.7418212890625,8050447
2023-05-22,1111.5691808774143,1125.720598669704,1110.3595382742935,1120.6990966796875,7434906
2023-05-23,1123.2783175836105,1126.6335119735163,1119.0784985578177,1120.49365234375,6092034
2023-05-24,1116.5452176617491,1124.8078096781505,1110.8617801773491,1113.9659423828125,8112254
2023-05-25,1111.0672556833676,1117.9603357408223,1102.9187697829475,1113.8289794921875,11487863
2023-05-26,1122.0687058844728,1145.3500415058625,1118.7591533794464,1144.2088623046875,12626260
2023-05-29,1150.8278330032474,1154.9363674405995,1144.5282250956022,1150.645263671875,10010304
2023-05-30,1150.645307987406,1158.451475420254,1147.7921790871794,1150.3486328125,11342504
2023-05-31,1141.2416143873527,1145.7381091276332,1123.4382047768395,1127.5009765625,27107927
2023-06-01,1132.1802156805027,1134.34858906371,1122.068746948841,1124.46533203125,14592692
2023-06-02,1128.003101699598,1133.412563645759,1118.8731857024297,1120.7904052734375,15800644
2023-06-05,1126.2684221252366,1133.8234358683376,1122.2739934203582,1130.856201171875,10908682
2023-06-06,1133.6866395560062,1135.626680467698,1123.8947880782737,1131.81494140625,7493309
2023-06-07,1135.3071289198083,1141.241598708449,1128.7335456658939,1140.3970947265625,10312545
2023-06-08,1143.9804362633743,1148.9334747780272,1137.1329993758209,1141.0816650390625,12071109
2023-06-09,1144.437171009834,1145.1447480583759,1131.1987183736474,1133.001953125,5877018
2023-06-12,1130.0574375493186,1136.311403822295,1125.2641468372988,1134.006103515625,6391969
2023-06-13,1138.9591656822827,1151.946463788879,1134.9647365494955,1150.759521484375,11248016
2023-06-14,1150.827933567815,1166.3488637759137,1149.0019986007082,1164.910888671875,13277380
2023-06-15,1164.888030487722,1169.7954267696327,1157.4471223513988,1165.23046875,11813494
2023-06-16,1168.72265257123,1178.856942021871,1168.72265257123,1176.574462890625,24171579
2023-06-19,1179.5873088461865,1179.5873088461865,1160.7111839901809,1164.8880615234375,6798554
2023-06-20,1162.9480481347903,1170.457299404325,1157.2189687814275,1167.3074951171875,6921096
2023-06-21,1167.2617442064677,1173.127750027222,1163.1533304634168,1170.59423828125,6961603
2023-06-22,1166.8053921892115,1174.702723824018,1155.8494202932393,1157.4471435546875,7619166
2023-06-23,1154.434209748897,1156.4884770186727,1146.7194478373872,1147.974853515625,6628570
2023-06-26,1144.437098137329,1148.2716583591261,1136.0832218598148,1139.210205078125,12641159
2023-06-27,1139.666736088607,1145.578264166708,1135.1474200849475,1139.62109375,9689466
2023-06-28,1147.1760589375283,1158.519990797568,1140.2600374666351,1154.708251953125,11354006
2023-06-30,1162.423070452648,1167.1021346662303,1156.511421596289,1164.1805419921875,11151555
2023-07-03,1167.741194264735,1196.9341777415286,1166.5086096788432,1194.0582275390625,12154387
2023-07-04,1198.3036177471888,1198.3036177471888,1174.6798459927943,1181.755615234375,8061643
2023-07-05,1190.9997357239995,1190.9997357239995,1175.8440646341217,1179.8155517578125,10248062
2023-07-06,1175.958111582341,1207.1824197013011,1175.958111582341,1204.5804443359375,19117987
2023-07-07,1202.8687277617782,1216.5407819731026,1199.6731602419495,1202.2296142578125,13375267
2023-07-10,1227.4738168988026,1258.1047776229054,1221.128565671655,1248.5411376953125,33240016
2023-07-11,1256.6895309307056,1264.4955779542368,1249.705166712445,1262.076171875,20069348
2023-07-12,1262.8064492251153,1279.1034182559108,1260.6837185366455,1263.4683837890625,18733835
2023-07-13,1270.8408996155135,1277.7339788902639,1249.545369524751,1252.170166015625,14682934
2023-07-14,1255.365580017741,1260.3414396091937,1243.9988277461352,1251.1202392578125,15124144
2023-07-17,1253.9963391795925,1285.060901535764,1245.3228457945552,1276.6842041015625,22220040
2023-07-18,1285.9509768018002,1295.286283587151,1274.995004828538,1287.52587890625,25867313
2023-07-19,1291.8854597114334,1303.7543992835303,1276.8210735612868,1297.294921875,39122156
2023-07-20,1276.014839753512,1301.213635792283,1276.014839753512,1295.723876953125,38717624
2023-07-21,1290.3576048302098,1293.2755748788927,1248.1205739980844,1255.6134033203125,30249238
2023-07-24,1227.0515368964086,1243.8424839995957,1221.2649818512405,1230.216796875,23727866
2023-07-25,1233.4810641733905,1239.0203294862108,1226.5569523456327,1229.425537109375,12026020
2023-07-26,1229.029726310642,1259.6936470475673,1229.029726310642,1249.4063720703125,12911012
2023-07-27,1253.2889256301971,1255.06933898356,1231.6758304667376,1237.7838134765625,17226898
2023-07-28,1242.4081558253793,1257.6412248805652,1236.7204929547063,1250.2225341796875,20827852
2023-07-31,1250.222567835286,1263.1062644351005,1245.3261593927457,1260.8065185546875,8551174
2023-08-01,1263.6503718598296,1265.6286894674379,1239.0697997346808,1242.9769287109375,9536632
2023-08-02,1240.9985763343113,1242.383422770223,1218.4458286875906,1229.697509765625,12748214
2023-08-03,1224.23249959185,1236.8936606795558,1215.7010043381908,1224.5291748046875,10168350
2023-08-04,1235.8549028515122,1244.3616435147105,1222.4023686926273,1241.171630859375,22885610
2023-08-07,1246.8345411789287,1250.494380069662,1238.9212715800145,1248.244140625,5982870
2023-08-08,1250.2965991690858,1253.486611833248,1236.2258407843067,1240.7264404296875,9844072
2023-08-09,1238.8472469851743,1250.7912910864598,1227.1009863432985,1248.911865234375,11486586
2023-08-10,1248.7882887892447,1261.1775274732204,1240.627728317359,1254.4759521484375,15470598
2023-08-11,1252.4975295128647,1265.5544976220099,1242.5565564009414,1259.767822265625,22179330
2023-08-14,1255.737002454242,1277.1523130180672,1248.8128913733601,1274.6546630859375,9575812
2023-08-16,1261.672044700447,1277.3996937112483,1261.672044700447,1273.6160888671875,10203112
2023-08-17,1269.6348629683328,1275.0752365265755,1252.695518025622,1255.2425537109375,13673744
2023-08-18,1251.9040005908723,1274.8278021449016,1240.6770733077956,1264.54052734375,18639978
2023-08-21,1260.6443643964944,1268.3374245054665,1248.5836072167706,1250.74267578125,9221746
2023-08-22,1249.204008079304,1259.6517042081298,1240.319812990251,1250.44482421875,7713044
2023-08-23,1252.8272476636503,1262.0838090060652,1249.2288807667073,1251.8345947265625,9517952
2023-08-24,1260.6195534341234,1260.6195534341234,1226.4227081001463,1230.7904052734375,14140020
2023-08-25,1218.9778633049934,1243.2978613921046,1212.3271367872899,1225.1075439453125,22222400
2023-08-28,1226.9190501118926,1232.8749678308823,1206.6193456890517,1212.8978271484375,12580826
2023-08-29,1217.0173382536789,1217.7121468384466,1195.2285336373561,1201.2838134765625,16876644
2023-08-30,1207.0659417448908,1212.5255327642963,1198.628391987628,1200.1422119140625,12168946
2023-08-31,1202.5989377093504,1203.5915905675504,1191.133748727762,1194.65771484375,21638600
2023-09-01,1194.4343955405523,1203.9141576589248,1192.0023233270636,1197.4619140625,18112842
2023-09-04,1197.4619529612135,1202.921543874001,1193.8140262826475,1196.494140625,9347626
2023-09-05,1201.1100268699734,1208.033756715794,1197.3627378820318,1202.8968505859375,8675876
2023-09-06,1201.6560920331103,1209.125708635972,1199.745186611218,1205.4281005859375,8200370
2023-09-07,1201.9537313347682,1210.1679582595825,1196.6430625915527,1207.06591796875,13652572
2023-09-08,1211.0365924741222,1218.9778160313297,1202.5742018862823,1215.1064453125,23109288
2023-09-11,1216.9924464989115,1229.326207160582,1216.9924464989115,1228.20947265625,13271074
2023-09-12,1232.3787090583842,1232.3787090583842,1209.0265228175713,1210.4659423828125,16255666
2023-09-13,1211.0365644667,1222.2783103355039,1204.2120756300537,1216.52099609375,12803338
2023-09-14,1220.9630582690309,1223.8417758931353,1213.5181615722684,1217.6376953125,9209636
2023-09-15,1224.9337835939812,1224.9337835939812,1215.7517434819517,1219.8961181640625,25468592
2023-09-18,1211.061482045193,1216.4962329024152,1207.0908701058952,1209.274658203125,7516300
2023-09-20,1202.623798606989,1204.8821081322808,1168.8487603007638,1182.323974609375,57081884
2023-09-21,1178.750555955457,1186.2699748730859,1171.3304992731428,1173.712890625,12226182
2023-09-22,1179.2717940052096,1182.47307577697,1166.3673046768697,1168.8240966796875,19176786
2023-09-25,1166.5657437194718,1171.6779308453931,1158.9720452955405,1161.6273193359375,14254884
2023-09-26,1160.684188171601,1166.4663425671888,1159.2200494490667,1162.6446533203125,10087782
2023-09-27,1163.1410372849095,1177.1871000752483,1160.6594050312615,1175.7476806640625,11722778
2023-09-28,1182.7459002555731,1182.7459002555731,1153.9589668880435,1158.4755859375,14518346
2023-09-29,1162.2973995824232,1175.847137006539,1158.475709840611,1163.8856201171875,12342014
2023-10-03,1156.415758225436,1159.220075299941,1149.492028660551,1150.55908203125,8859056
2023-10-04,1146.0178196869251,1150.981084388904,1139.1189302205564,1148.5738525390625,10286386
2023-10-05,1151.105104982258,1156.14276991832,1146.017758932428,1148.549072265625,10953682
2023-10-06,1150.0132553057874,1153.8597853939605,1147.5316229908371,1150.4847412109375,5431026
2023-10-09,1145.5711149238573,1147.4818990309532,1139.0691900320726,1140.6822509765625,7576878
2023-10-10,1144.8018394410437,1150.435072150941,1143.4121010954177,1145.719970703125,10236032
2023-10-11,1148.7227620999727,1166.2182699823193,1148.0031129607796,1163.910400390625,9814118
2023-10-12,1163.3148210249558,1171.0078811502246,1160.485663265934,1166.0693359375,12554450
2023-10-13,1161.4040366702475,1170.0897506197043,1156.0188455521982,1166.0198974609375,10150316
2023-10-16,1163.885548402189,1168.6254903286665,1159.4186102633319,1163.4140625,5929036
2023-10-17,1169.3451452373686,1171.18152891328,1162.0491704758838,1168.972900390625,7928180
2023-10-18,1168.9729714451066,1174.8048077319042,1151.9737890772074,1153.4627685546875,8918320
2023-10-19,1147.5068298823098,1152.37085365543,1142.0472385636656,1144.603271484375,12032556
2023-10-20,1141.5508934053469,1148.846868358942,1139.7145096810816,1141.104248046875,8913312
2023-10-23,1136.5877075106362,1144.6530132953733,1119.3403612940447,1123.2861328125,7853962
2023-10-25,1116.7593673158804,1132.219887961399,1113.2602415640138,1120.6802978515625,11620688
2023-10-26,1117.2309217780673,1120.7052071856403,1101.9937228681183,1105.0709228515625,15222534
2023-10-27,1111.7712909465938,1128.3982276638756,1109.761144511754,1124.5765380859375,11771084
2023-10-30,1128.6463150337838,1153.958963260135,1126.6361687340607,1147.7548828125,16813304
2023-10-31,1155.4480281047179,1155.4480281047179,1133.0636557231696,1135.5452880859375,12808438
2023-11-01,1136.1656826268284,1150.236586425296,1129.2419526519689,1140.2603759765625,10309190
2023-11-02,1148.4746196953226,1153.6116471680004,1145.4966608528325,1151.57666015625,10562104
2023-11-03,1155.0509397455937,1158.897469898072,1149.3680258840427,1151.3284912109375,8850156
2023-11-06,1157.5822297180116,1161.4039192346488,1154.256866662586,1160.9075927734375,10647304
2023-11-07,1158.4507493206686,1160.9572220726066,1151.2540159543112,1153.3634033203125,6960204
2023-11-08,1157.4332718147846,1161.900209827792,1152.3459257444151,1159.368896484375,7884494
2023-11-09,1159.344192861405,1159.3689122452765,1143.6353879313751,1146.787109375,14513610
2023-11-10,1144.3054653415224,1149.6658152095554,1140.5830169850344,1148.946044921875,7734954
2023-11-13,1152.9166537769547,1153.7605056745233,1147.3578218124285,1148.7972412109375,3854810
2023-11-15,1161.4039352802765,1172.2982770196893,1154.9516911953863,1169.5684814453125,12220648
2023-11-16,1166.9131951067154,1178.3534231349859,1164.8533675821152,1171.6778564453125,13134910
2023-11-17,1167.8064883385834,1177.9067803474445,1167.3846835483773,1169.121826171875,7758634
2023-11-20,1165.647592311094,1170.5363354915235,1159.617152805321,1166.044677734375,4490186
2023-11-21,1174.3083747965666,1185.227556641674,1171.4296571663483,1180.7109375,8214450
2023-11-22,1178.7754188353035,1188.4289448727575,1177.3856804226161,1185.326904296875,8534814
2023-11-23,1185.3268657327444,1191.1835423841578,1185.3268657327444,1188.9500732421875,8531542
2023-11-24,1187.0144298509326,1192.474021001291,1186.7414260587238,1188.1558837890625,6749486
2023-11-28,1188.1558894990753,1191.034607263244,1178.899449291774,1188.404052734375,13792174
2023-11-29,1195.1540911072586,1197.1145563492605,1190.2156671664848,1191.5308837890625,12531306
2023-11-30,1188.5529645510346,1191.530923348677,1176.2440439527552,1179.9913330078125,28439984
2023-12-01,1180.2643464861462,1189.3967050711567,1180.0658643673892,1188.3544921875,14342842
2023-12-04,1215.9997806950958,1215.9997806950958,1190.4886500919326,1201.209228515625,15590990
2023-12-05,1210.540207865299,1211.4584602643838,1201.9288955146308,1209.9197998046875,12693624
2023-12-06,1214.560584514323,1227.3905513904704,1208.5549856031337,1221.5091552734375,16422442
2023-12-07,1220.9631623446442,1221.4346482742724,1212.0292855470004,1219.4990234375,8142096
2023-12-08,1222.874052744466,1229.251775342433,1213.5182500771466,1218.853759765625,10204894
2023-12-11,1218.9777608532804,1224.7351961410227,1217.1909371644088,1220.6405029296875,7066138
2023-12-12,1220.9631521449135,1223.41994400905,1201.1844932637518,1203.1202392578125,9197124
2023-12-13,1202.102614795848,1210.2176004047437,1194.3103140708777,1208.03369140625,10031182
2023-12-14,1217.9851619285064,1228.3831772791464,1212.3518080035872,1223.0228271484375,16972354
2023-12-15,1229.8970515295573,1240.8162343922088,1225.951280138882,1238.6324462890625,15932152
2023-12-18,1238.6323699765335,1258.1379030406688,1236.3243792186838,1251.239013671875,14165188
2023-12-19,1268.1140495332209,1277.4945707453207,1253.3234974409622,1269.6527099609375,16820604
2023-12-20,1276.080186427869,1289.8780864366483,1250.7426960684581,1254.2913818359375,17736722
2023-12-21,1254.2170195322976,1277.2962009364337,1249.8741628164655,1271.8614501953125,13765454
2023-12-22,1270.3972179591544,1280.968874306117,1264.4660199985942,1273.1021728515625,16541784
2023-12-26,1274.5663382448713,1286.453332624264,1271.935783794956,1279.554443359375,7465664
2023-12-27,1281.514887400953,1290.3990823415181,1277.0976304877347,1283.922119140625,9204156
2023-12-28,1285.3862277761266,1296.4046504171113,1283.9220890250845,1293.203369140625,12302636
2023-12-29,1295.9581362918193,1297.397434632089,1280.174929799553,1282.9791259765625,10864584
